"id","label","location","sentiment_score","followers_count"
"x14830176","mauduitf","#Barberaz #Savoie",-6,791
"x1347694076641083394","LblaurentL","#JeNeMeConfineraisPas",-4,80
"x767675142","EbenYaakov","@ebenyaakoffeld@mastodon.top",-7,644
"x64190022","Bierun","<U+0001F1E9><U+0001F1EA> & <U+0001F1EB><U+0001F1F7>",-5,1425
"x1543351291","quelquonque1","<U+0001F1F0><U+0001F1FC> <U+0625><U+0645><U+0627><U+0631><U+0629> <U+0627><U+0644><U+0643><U+0648><U+064A><U+062A>",-5,4755
"x724526316477784065","max_au3","<U+0001F3F3><U+FE0F><U+200D><U+0001F308> Grrr~",-7,87
"x1067909929686769667","leilasdt_of","<U+0001F4CD>VIENS DM",-4,901
"x48614245","K00Ls","<U+2721> Israël <U+2721>",-4,3224
"x1062374360118448128","GreenWalker92","<U+308A><U+3057><U+308C><U+4F9B><U+3055><U+5C0F>",-4,771
"x783382996841824256","Shelegshemech3","06110 le Cannet",-8,309
"x833669307833921537","jipoulou59","13",-6,7185
"x1350102870","DESCLOUX3","37520 LA RICHE",-4,149
"x1071304845125173249","Sebasti29415384","74000",-5,15
"x1522950044","pilounettes","75 et souvent 83<U+0001F493>",-4,1308
"x400658414","deLacroixVincen","75020",-4,615
"x1145071038","LHibernet","76600 LE HAVRE",-5,85
"x300502571","AILLEURS1VIENNE","8 rue calixte 2 38200 vienne",-4,173
"x731844394656137216","calamity_lyme","Absurdistantick",-4,653
"x1252181732939444224","CatVenise","Afghanistan",-4,318
"x1249254661435150336","PatriceEdgard","Afrique Ancestrale",-11,2918
"x1049017054551060480","NoiresAiles","Ailleurs",-5,1060
"x1071489748517167104","L_REALISTY02","Aisne, Picardie",-5,2
"x1191716035956805632","AlainMilaR","Al costat de la gent <U+0001F1EA><U+0001F1F8> #VNG",-6,1028
"x2253293976","LamineZellag","ALGER",-4,12770
"x1294149379335520257","DoucePatrie","Allemagne",-6,1637
"x2989502907","TG67210","Alsace France",-6,4841
"x1251440617739235328","AmaneAmale","Alsace, France",-4,79
"x3304537259","louisjulia220","Amiens, France",-4,1755
"x308673519","AlbaRockWater","Angers, Pays de la Loire",-11,393
"x1329835359207821313","phil_lecocq","Ans, Belgique",-4,34
"x801154252899028992","MichelNicolasA1","Antarctique",-4,384
"x2788811242","WaterTrue","Antarctique",-5,18
"x1088731747599163392","bastetgeraud","Ardèche",-11,808
"x899277408674746368","MichaBosquet","Auvergne, France",-4,1869
"x281558126","vincent_jacob","Avignon",-5,140
"x472102568","BernieG84","Avignon, France",-5,277
"x275255591","AnneIbiza13","Barcelona,Catalunya",-6,3496
"x1327905234690203650","AnaisLefaucheux","Beaulieu-sur-Mer",-5,7343
"x262500745","kittylt","beauvais",-6,1545
"x128808857","michel_leurquin","Belgique",-6,347
"x135839464","be_sarcastic","Belgique",-6,573
"x1188944978166386688","caru_fred","Belgique",-7,23
"x3794514797","belgian_tycoon","Belgique",-9,304
"x22186247","Ankolie","Belgium",-4,702
"x1278292364155596800","TichVanOndermui","Belgium",-6,156
"x471404665","jeparletoutseul","Berlin Est, RDA",-4,320
"x1302221134172168192","bernet_laure","Berne, Suisse",-9,113
"x286596686","hermesinc","Bordeaux",-5,15
"x2164752640","laWill82","Bordeaux, France",-4,219
"x3372938542","CaroleDufouil","Bordeaux, France",-4,425
"x112789730","eclemence","Bordeaux, France",-11,1075
"x1260943434938007554","GeffierD","Bordeaux, France",-4,2291
"x872683388435648512","Dureresthard","Bordeaux, France",-5,882
"x803645685379629056","A_J_Dallas","Bordeaux, France",-7,1429
"x1219949029200711680","RwlzRck","Boston",-4,47
"x871368233563160578","ysebast1456","Boston, MA",-4,62
"x1519446270","BernardSudan","Bouches-du-Rhône",-5,695
"x1111181132672962560","Dylan32070310","Brabant wallon",-4,44
"x730014136982220800","krapuce","Bretagne - Tahiti",-4,1177
"x1437605905","captroyofficiel","Bretagne, France",-4,420
"x3243329980","bihan35","Bretagne, France",-4,610
"x1310099081960849408","Menard5Loic","Bretagne, France",-5,932
"x2174751230","dufour33071746","Brindas France",-5,117
"x448290218","GatienAlbert","Brive-la-Gaillarde, France",-5,5
"x1317183887550914563","UniFred6","Bruxelles",-6,756
"x2591565193","luna__plena","Bruxelles",-6,18
"x2577230846","thierryVDH","Bruxelles, Belgique",-4,400
"x318382096","lhoje","Caen",-4,11
"x217750713","scholle14000","Caen",-7,1515
"x1087112984541966336","salamandreuh","Cambrousseland, c'est le pied",-7,142
"x1287003705938776071","TremblayJean13","Canada",-4,11
"x510510855","georgesbibas","Cannes france",-4,155
"x800282968686149632","EdmondAdam1","Cannes, France",-4,863
"x585704267","BouchtaJebli","Casablanca",-5,12087
"x25805634","oalaoui","Casablanca Morocco",-5,130
"x2887738617","rednico711","Castle Of Glass",-5,25
"x737578873118851072","skill_legend","Central City, Earth 1",-4,56
"x385946134","Aerotof","Centre France",-4,10
"x4337965456","SarreyP","Champagne-Ardenne, France",-5,9
"x1271485051969175554","SandrineDaucher","Chécy",-6,29
"x396161314","nikodoc","Chez moi",-4,2954
"x1361661500226682882","DamienBarraud","CHR Metz-Thionville",-9,2603
"x2950978123","P1corna","cloud world",-5,619
"x104926858","lonaeva","Compiègne, France",-4,1204
"x131260902","LIBERTA_PARITA","Corse, France",-5,960
"x1085150157161795585","gachet_michel","Côte d'Ivoire",-6,360
"x2594670853","cisseaziz17","Côte d'Ivoire",-4,3260
"x2560802099","DesVou","Courbevoie, France",-7,33
"x1192802053","dawidoht","CRETEIL FRANCE",-5,1061
"x820570847161253889","GrandDuduche","D'un bout à l'autre",-10,2
"x1243990720786108416","rationnelitude","Dans une galaxie lointaine",-9,266
"x1081132982449119232","tidoodoo","decentralized",-6,637
"x15413746","tracrium","Dijon, France",-5,1303
"x1344304606898171905","Pat8359775599","Draguignan, France",-6,81
"x1267207127388520448","ReinfoCovid",,-4,3749
"x521227150","ClaudeGrard","en Lorraine (France)",-5,42
"x1273266013447086084","BeaucampI","Entre-deux-Mers",-8,58
"x1165541717694717952","NiValAuteur","Entre les volcans et le Léman",-4,894
"x776737801","fabrice_frank","Essaouira",-5,185
"x515405354","acpoisson","ESSONNE",-4,3653
"x1272941115050786816","AltbuchJ","Eure-et-Loir, Centre",-4,154
"x793838986045173760","ObserverSophie","Europe",-6,2387
"x898453457409114112","frenchieinlimbo","Folkestone, England",-5,1592
"x1121700398329466881","Cagarelle1","Forcalquier, France",-6,1
"x56225863","Synsei1","france",-5,553
"x904349491","languillem","france",-11,6773
"x201387191","joe_le_zef","france",-5,7727
"x115900580","barbarafleuret","france",-7,356
"x1359184438949777414","desgensdebonse1","France",-4,5
"x1346158340318109697","SumMeum","France",-4,9
"x1263105839218507776","anniefelicef","France",-4,20
"x557208691","docnono2000","France",-5,28
"x1248894506780495872","cma19600","France",-4,45
"x1143874700499673088","me2cin2campagne","France",-4,46
"x560297386","sg_dead","France",-4,47
"x2449714224","Asmokiel","France",-4,61
"x1128277613808635905","lacitedisis","France",-5,76
"x1327724086445961222","CayNico","France",-5,95
"x83701865","ProfitJim","France",-4,227
"x1127958111191478272","laurencePerrin3","France",-4,282
"x1290247728790933505","butalorsyouare1","France",-5,468
"x1244590199285432321","HamelinMd","France",-5,509
"x1024743265361440768","PomerolsG","France",-4,569
"x469180343","oceankoto","France",-5,601
"x214944720","kevinenhart","France",-4,904
"x838489308143190017","Soniadoubi655","France",-11,1331
"x467318410","gmelody1","France",-4,3080
"x4535481335","PChaibriant","France",-7,3935
"x391920857","JuliaCerisi","France",-4,4328
"x1335310489","univadisFR","France",-4,4787
"x616274734","KaplanBen_Fr","France",-5,5331
"x50748968","CDestracque","France",-4,5537
"x2334919388","ANC_FRANCE","France",-4,6721
"x560425542","nicoleodera","France",-4,7226
"x47893276","Dr_Stephane","France",-4,9396
"x301272907","bif_o","France",-4,13556
"x1917715891","Reveident","France",-4,25908
"x971820228","ConflitsFrance","France",-4,112946
"x34294667","RTLFrance","France",-4,975624
"x133663801","BFMTV","France",-4,3006915
"x889241500047069189","ben_quick777","France",-5,3
"x2898055984","woufwouf76","France",-5,20
"x385476557","Leseinomarin1","France",-5,32
"x4346503516","PegasusTLS","France",-6,44
"x1313031410354184193","lafleu91240","France",-5,45
"x120008701","Collimateur","France",-5,70
"x1320452947772379141","PTerraterre","France",-5,74
"x1262952933945159680","OrBlanceditions","France",-5,80
"x176802698","NeverStopBball","France",-5,126
"x794551442845659136","huguet_stephane","France",-5,250
"x1250700286596976641","rognologue","France",-5,304
"x870239102968483843","blanco361","France",-5,390
"x1255905899811680257","Nil__Admirari__","France",-5,442
"x1438012040","ModsChris","France",-5,526
"x1111026616120025088","claude_le_moal","France",-5,726
"x1239665968277860352","Pacharlotte3","France",-5,1605
"x537432117","DeauxJean","France",-5,14375
"x1271707753506095108","Alexand36797967","France",-6,4
"x991276448","jbdespelotes","France",-6,17
"x813376566931628032","pasdesac","France",-6,65
"x957674531036041216","lez_marion","France",-6,171
"x238703725","Loovenelle","France",-6,2611
"x1285867636333707265","ce_avec","France",-6,4213
"x117459814","jdflaysakier","France",-6,34123
"x1268244553359929345","ArcheDeVie","France",-7,3
"x360523951","T_A_Anderson__","France",-7,39
"x1130884821398503424","akaz0_l","France",-7,75
"x3088748631","Medecin2famille","France",-7,504
"x1318434408","tabbye92","France",-7,881
"x2860878915","Ccye3Jean","France",-7,1780
"x3182929463","CDewotine","France",-7,2231
"x2907408203","PhilippeMurer","France",-7,14539
"x862637165536268288","EstelleB73","France",-8,76
"x1038715216903725056","BigSuis","France",-8,171
"x845673415734374402","Alphamax14","France",-8,747
"x146010723","ShirleyAlmCh","France",-8,8145
"x3241925943","ClPeqt","France",-8,9139
"x4414484896","nicocofifi78","France",-9,31
"x1014320662805139457","BarbierVincent4","France",-10,15
"x748424873370914816","Ambisome","France",-11,41
"x51415885","dragonnePoulet","FRANCE",-4,108
"x119689586","yannoudinard","Françe",-7,32
"x2808875799","KissMarkiflor","france  matricule 4121",-5,238
"x580939657","franzyroy","FRANCE / NORMANDIE",-6,691
"x99404472","revoltes","France, Planète Terre",-4,1719
"x1355072847551590404","HCoursiere","Francfort-sur-le-Main",-5,102
"x1008393274145624064","lilas1105","Franche-Comté, France",-7,438
"x375166088","RikiCrew","From Hell (Québec 1984)",-7,378
"x278229328","ichbingeshmak","Galout/exile",-4,1286
"x37887908","genevapressclub","Geneva, Switzerland",-6,2635
"x173722982","bdenoel","gironde",-4,534
"x889956559","AceBeaty","Go Outside, Get Sun & Oxygen !",-4,322
"x1034027302525513728","DocCyrReb88","Grand-est-Vosges",-7,842
"x1348362936067231747","ClerotteP","Grenoble",-5,7
"x254677246","KAUMINE","Grenoble",-9,35
"x723753670014296065","MetroGam","Grenoble Alpes Métropole",-5,208
"x857631281911394304","ines_Rahane","Grenoble, France",-6,3
"x1098977821","Grhum_","Grove street",-4,218
"x2377669733","cartmanbutter","Guadalajara, Jalisco",-6,68
"x488700754","Jeapam","Hampstead",-4,1028
"x1293129634809249793","Mozarettha","Haute-Normandie, France",-4,169
"x119862184","sarigue84","Hauts-de-Seine (France)",-6,44
"x1135452025792147456","DorvilleNicolas","Hauts-de-Seine, Ile-de-France",-5,166
"x988086136995278849","Didiers18","Hérault, Languedoc-Roussillon",-6,14
"x1343080663621251074","Rodrigues780ds","Hollande",-5,4060
"x1246859725821673473","Yargon3","Ici",-6,101
"x552057730","JF3BdePINEY","idf",-4,623
"x816387353233227776","Sandradio46","Ile-de-France, France",-4,265
"x1268650945338052608","Alpha_tauri_10","Ile-de-France, France",-4,292
"x306190323","EricMassaud","Ile-de-France, France",-5,7693
"x2833705431","RobertBanon","Ile-de-France, France",-5,9
"x2923683201","hewson2015","Ile-de-France, France",-5,86
"x405609534","Phenix30","Ile-de-France, France",-5,120
"x1069836988759580672","Ziloto1","Ile-de-France, France",-6,280
"x215941149","FHTUSVELD","Ile-de-France, France",-6,465
"x843546356224577536","Fn92Chatillon","Ile-de-France, France",-6,4042
"x4147045634","VVadsaria","Ile-de-France, France",-8,876
"x1604328726","aiglebleue","ile de france",-4,253
"x2951332763","PAULINEC1949","ILE DE FRANCE",-6,1068
"x24685668","myespace","In my bedroom office",-12,1924
"x210754487","AnnaDi_Mario","Italie",-4,5458
"x49089233","Charles1045","jerusalem",-5,49124
"x342034686","Max_Bolen","Là-Bas",-4,62
"x1058787548015804417","LaColitruche","La croix sur Gartempe",-5,3458
"x1322255433462108160","BlemontMarc","la destrousse-Lama corsica",-5,128
"x1317366651210420225","brunornc1","La France Chrétienne..",-4,413
"x1313436379330891776","DidierDucouret","La France d'hier",-9,101
"x11911322","philippejuvin","La Garenne-Colombes, France",-4,36000
"x1135645500689002497","anissapvvv","La Rochelle, France",-4,19
"x945998307649826816","MarieToutcour11","La Vallée-du-Richelieu, Québec",-4,4170
"x967500577126141952","FranceInformel","La Vie",-14,418
"x259402712","dareljedid","La Vorde",-6,6365
"x1180577767","laurentdogrel","LA, NYC, Paris, Biarritz",-4,757
"x308569881","martidedge","Landes",-4,209
"x1286146438519545856","NIC_VANDER","LaSalle, Montréal",-4,21
"x20173137","Calipso1977","Le bonheur est dans le pré",-4,49
"x3969677176","ChristopheHadri","Le Creusot, Bourgogne",-6,32
"x1359454849142829058","Pauldur53172720","Le monde entier",-4,0
"x1068914138062180352","plebesecession","Les Hauts-Geneveys, Suisse",-5,445
"x189482388","novlang1984","lille",-4,159
"x2177826328","genelesur","Lille, France",-4,2337
"x159569148","GC260_","Lls",-4,1425
"x516615405","pondichery_1503","Loire-Atlantique",-5,2368
"x86574968","bap_preetama","London",-4,299
"x816430357327347712","Dicentrique","London",-7,27
"x4919296095","oceane_dms","London, England",-4,248
"x560622436","2Neutrons","Los Angeles, CA",-4,0
"x124734989","Appoline06","Lourdes",-7,86
"x222753685","factory1821","Luxembourg",-8,247
"x1246468973828415488","GermainComte","Luxembourg",-6,2844
"x572430186","cialdella01","Lyon",-4,1854
"x14090348","deltaplan","Lyon",-6,1612
"x1303360983419756551","Stephane_A_Lyon","Lyon, France",-4,146
"x66460430","NADIARAKIB","Lyon, France",-4,444
"x1270051071126376448","France_Dessinee","Lyon, France",-8,653
"x884460422677639168","ErnesterBoiled","Macronistan",-4,128
"x1348565607017574400","DozerBulle","Macronistan",-6,130
"x858914601878126592","007Macronistan","Macronistan",-5,838
"x1243861395759935488","ADv_in21","Magnetic Island",-4,13432
"x145264293","Francinelfe","Maine-et-Loire",-8,272
"x993423583245426688","LePatriote17","Manche, Basse-Normandie",-4,186
"x952288220598931459","pude32","Manhattan, NY",-9,23
"x1139220977747972097","moreaufrederic7","Marne - France",-4,17
"x2972088165","medicalfollower","Mars",-6,8506
"x978387751115673600","Ludo44882546","Marseille",-6,460
"x548489973","Godeffroy_Bouil","Marseille, France",-6,85
"x976942994631872514","LafitteJulie","Marseille, France",-10,98
"x2322151406","ABegue32","Masseube-32140",-4,526
"x1318916859815710720","ISLAMICINTELL20","Médine",-7,80
"x974068385314205696","Alf_fromMelmac","Melmac",-4,7
"x725775084183539712","djedy15","Méru, France",-5,457
"x1314281207086145541","LarsonMassimo","Minsk, Belarus",-5,107
"x880720875598774272","Senshi006","Monaco",-6,4297
"x1556419213","Kitty_Maggy","MONDE",-4,7340
"x1211688245693542400","Lenoblemarie1","Montcuq, France",-4,550
"x1051786912283983872","LesouefLouis","Montpellier, France",-4,48
"x969252281999818752","Farine34","Montpellier, France",-5,21
"x44557347","B_Castonguay","Montreal",-4,176
"x772319521","wxyzwebcams","Montréal",-6,133
"x15836703","RadioCanadaInfo","Montreal, Qc, Canada",-4,606434
"x234544107","benoitm_mtl","Montréal, Québec",-5,218
"x1346920000477556739","sunfunsu25","Montréal, Québec",-9,171
"x1346432011368542208","japarovabdoul","Montrouge, France",-7,30
"x945672811808460801","journaldufake","Mordor, Terre du Milieu",-7,256
"x1240943246756503552","BouchardPierr10","Muzillac, France",-4,152
"x1367945744","lautreamont13","Nacka, Sverige",-4,3447
"x1233493730730086403","GarnierAgathe2","Nancy, France",-4,455
"x1287724790116220929","EB_Charlie","Nancy, France",-5,81
"x1185598373614751748","Valentin_ANEPF","Nantes",-5,486
"x705094544115761152","dvidgeekoh","Nantes, France",-4,19
"x1353339294685999107","Pierre64068778","Nantes, France",-4,31
"x1532005447","Nathanael_MD","Nantes, France",-4,81
"x826993689981493251","Belial_spirit","Nantes, France",-5,302
"x145578184","FrostyZZZ","Near Grenoble, France",-4,67
"x1006637892117127168","Ormeau16","New York, NY",-6,20
"x1176802236359426048","julien_lindauer","New York, USA",-4,47
"x33960395","cd_land","Nice, France - Côte d'Azur",-13,5656
"x211409102","GagJerome","Nicolet, Qc",-5,1022
"x1088130719598198786","artorias_sama","Night City",-5,167
"x1066625841407451136","MARCMARTINS9","Nimes - France",-4,32
"x1266300047055978501","ArthurTezlat","Nîmes, France",-12,391
"x3709427837","MazeAnchor","Nord-Pas-de-Calais, France",-4,3
"x768547067996307461","XRP_LEADER","North Pôle",-4,343
"x547957320","mauzemontole","Nouvelle-Aquitaine",-4,1625
"x1231861812582404105","JakTubal","Occitanie",-7,158
"x197839339","Branquignol","OsakaSevillaDakarGenèveParis",-7,101
"x1286653814469201924","SpektralHeart","p<U+03CC><U+03BB>eµ<U+03BF><U+03C2> p<U+03AC><U+03BD>t<U+03C9><U+03BD> µ<U+1F72><U+03BD> pat<U+03AE><U+03C1> <U+1F10>st<U+03B9>",-9,1460
"x810942272309235713","LauMi72","Parigné-l'Evêque, France",-5,829
"x2723844019","rregardr","paris",-6,154
"x778322057159467016","Annavivian8","Paris",-4,0
"x591736711","ktrinsenez","Paris",-4,52
"x361381186","Loutrefugace","Paris",-4,133
"x14406419","dnizard","Paris",-4,136
"x4248518919","VaineEcriteuse","Paris",-6,178
"x899419734738862080","bengurionerie","Paris",-4,206
"x394085744","Peronelle1","Paris",-4,278
"x981820619187802113","daniel_corcos","Paris",-4,378
"x2835500362","mariottenicolas","Paris",-4,1005
"x861574608","Sciences_Avenir","Paris",-4,154973
"x1281545220258254851","SharskV","Paris",-5,33
"x12649522","aicha","Paris",-5,1218
"x905769986668548097","RaderSerge","Paris",-5,2906
"x484854689","ericolivierlewi","Paris",-5,3244
"x701846714781663232","OSSLDDC","Paris",-6,18
"x84446166","briceGrelet","Paris",-6,246
"x255577343","soemlive","Paris",-6,815
"x1314305581","Flodesil","Paris",-6,1379
"x267058231","PhilD93","Paris",-7,345
"x2897749941","StephaneHalimi","Paris",-7,3325
"x565511859","ABrandNewJo","Paris",-8,2782
"x1234168100213469184","fleur_France_","Paris",-11,43
"x136461619","mistral13075","PARIS",-6,33
"x1427274146","CmpInsights","Paris - Amiens - Rome",-4,609
"x4702818930","KarolineLegrand","Paris - Marciac",-4,79
"x2308180013","otecam92","Paris , Caen, Nantes",-10,831
"x1731311","vincentglad","Paris | Berlin",-7,148270
"x164668261","Meliophile","Paris 14e",-4,442
"x40230439","ZeToOm","Paris France",-5,257
"x259783233","ajazede","Paris, France",-4,9
"x1250102798823362564","chris_kell4","Paris, France",-4,50
"x304027813","arnaud7571","Paris, France",-4,69
"x737707715561132032","politouit","Paris, France",-4,75
"x4491650313","CohenGrillet","Paris, France",-4,369
"x300813373","jm_bleu_corse","Paris, France",-9,407
"x1324395678","Twinnette75","Paris, France",-4,1097
"x83484751","sergefederbusch","Paris, France",-4,3320
"x2399936364","P_TARISSI","Paris, France",-7,12110
"x1089836128964886528","Framboi89230963","Paris, France",-11,2
"x1207753884992770056","marquise_madame","Paris, France",-5,12
"x1275529234635796482","BrouageDe","Paris, France",-5,56
"x860812721029345280","Cricrif46","Paris, France",-5,59
"x1058278236","mahmoud5213","Paris, France",-5,159
"x52184617","EPorteneuve","Paris, France",-5,594
"x88331667","KatyC22","Paris, France",-5,730
"x1161114194755952640","DocteurGonzo4","Paris, France",-5,10415
"x2649991","20Minutes","Paris, France",-5,2449999
"x1240301521209831424","ftyrsgu","Paris, France",-6,12
"x1268497438685487104","Romanzissimo","Paris, France",-6,171
"x387914285","azadzebary","Paris, France",-6,5126
"x932615724614471680","AfpFactuel","Paris, France",-6,126347
"x707192814577307649","JulieHk18","Paris, France",-7,10
"x948613693511790598","jackman13003419","Paris, France",-7,115
"x362530790","jm_desp","Paris, France",-7,545
"x4332551608","AdrienHallx","Paris, France",-7,752
"x4183379129","bouche_bee","Paris, France",-7,2268
"x572449638","patriceGaubert1","Paris, France",-7,2278
"x38395124","franceinfo","Paris, France",-7,1812999
"x786523704016588801","Senadu_","Paris, France",-8,94
"x3309080565","Catbullette","Paris, Ile-de-France",-4,139
"x121201514","PlusLibQ","Paris, Ile-de-France",-5,3509
"x2977043265","Nono__92","Paris, Ile-de-France",-7,19
"x1239362744","Bullshitosaure","Paris, Ile-de-France",-9,516
"x2812915504","DomiLabasque","pays basque",-4,153
"x3014150512","rplucas29760","Penmarc'h, finistère",-4,1534
"x3406154565","RitouRouge","perpignan",-5,2995
"x85785822","Patentif","Perpignan, France",-7,229
"x1002613563914153984","agritof80","Picardie, France",-4,8253
"x1231878058484871168","ChienOaz","planète terre<U+0001F30E> <U+0001F1F2><U+0001F1EB><U+2665><U+FE0F><U+0001F1F2><U+0001F1EB>",-5,605
"x829500602","G0rille","Pologne",-5,4805
"x1339361731","RudyMeteo","Port-au-Prince, Haiti",-5,3935
"x1579720135","lecamarguais1","Provence",-4,715
"x1166853269135736832","maxjp31","Provence-Alpes-Côte d'Azur",-4,18
"x403328789","kte06kte","Provence-Alpes-Côte d'Azur",-5,1410
"x84204116","adia66","Pyrénées-Orientales (66)",-5,17692
"x741819324","caron_johanne","Qc.",-7,81
"x1194260930210803712","JeanCle59128416","Quebec",-5,26
"x1156204045704597504","LobservateurLi1","Québec",-5,4509
"x374402411","AileaStick","Québec",-8,2545
"x301406703","Rakiko_Hime","Québec (Canada)",-4,4555
"x600234980","Tessier_X","Québec, Canada",-4,1777
"x104996659","philovent","Québec, Canada",-5,115
"x1053306226812088320","RondeauL","Québec, Canada",-6,1266
"x487886430","FrankM009","Québec, Canada",-8,186
"x1077251646953013248","FFranouche","Raismes, France",-4,2981
"x1303356606852345857","Michel11635407","région paca",-6,223
"x804283376228306944","INMachina_music","Reims, France",-6,49
"x1017337115590393856","JosephBaraka27","République Démocratique Du Con",-5,588
"x820201853757440001","olivier7821","République populaire de Chine",-6,15
"x853852554211581952","Conspis_en_PLS","rooooh, vous êtes bien curieux",-5,1033
"x752214803125563397","Magic_Toufik","Rouen, France",-4,3200
"x1310942459762008065","AnarchroniqueS","Rueil-Malmaison, France",-5,299
"x594829249","Florentgen","Saint-Chamond",-4,59
"x3763166955","JulienGuia","Saint-Etienne, France",-5,56
"x784792885954838528","Marcleroux304","Saint-Eustache, Québec",-6,132
"x1366361888","bascopensardine","Saint-Jean-de-Luz, France",-7,220
"x967484690","PHautefeuille","Saint-Malo",-7,6796
"x389718282","zoulelbereth","Saint Cyr sur mer France",-7,44
"x1322281033287520259","FlockRen","Santa maria di lota CORSE",-6,5719
"x1308826339244421120","DrissG5","São Paulo, Brasil",-11,570
"x3683773635","LaurentGarnier_","Seine-et-Marne, Ile-de-France",-5,553
"x990958844712022018","Nathaaan30","Shiganshina (Avec Mikasa)",-5,277
"x50984883","LoupRouge","Si je vous bloque, ce n'est pas par manque d'arguments, c'est juste pour ne pas vous instruire,",-6,616
"x18551800","Nain_Portekoi","Somewhere",-8,114834
"x558683220","Chat_Chauffe","Sous le soleil du sud",-4,537
"x2697902882","ThomsonJoss","South Australia, Australia",-4,276
"x2846757844","Max_Patriote","Stand up for Freedom <U+0001F1FA><U+0001F1F8>",-9,5208
"x588739585","aviateur1954","Ste Anne des Monts.Gaspésie",-5,841
"x32867753","silvano_trotta","Strasbourg",-5,66136
"x2882771723","EricBillyFR","Strasbourg, France",-5,9348
"x3311985875","jabouvier","Sud-Est  France",-4,9284
"x1688800322","Jon_Tesla","Suisse, France",-7,2098
"x1303294799424958465","JediTachi","Sur Terre",-12,84
"x608969796","malnoir","Suresnes, France",-7,1496
"x1249650463991107584","RightsRobins","Switzerland",-4,11
"x996771408","myfamiliamusica","Switzerland",-4,63
"x818442812895166464","StevePascolo","Switzerland",-4,1916
"x933508425199357952","XavierHugonet","Synchronicity Wave",-4,2798
"x556878799","fdubois81","Tarn",-5,915
"x1351560747369828352","merdorsay","Tel Aviv - New York",-4,521
"x1333454508626767879","Qameleon_","télégramme: @kappyisaac",-8,736
"x1231302021430620160","HenriKerma","TERRE",-6,10
"x69331812","endPKD","Toronto ON, Canada",-5,816
"x1356692468524343298","Letaillehaie","Toulouse",-4,0
"x374082327","jean31_jean","Toulouse",-4,721
"x551162891","SebBerthoumieu","Toulouse",-7,1042
"x1347271316332826625","GreyPope1","Toulouse, France",-9,31
"x1277541228377190405","doudou_toulouse","Toulouse, France",-4,68
"x962173291","ujatoulouse","Toulouse, France",-4,848
"x829308495325446146","piloupili","Toulouse, France",-8,1257
"x1014071403702865920","FlavienConscien","Toulouse, France",-12,12
"x1317215176131825666","jeandelatour59","Tournai, Belgique",-6,9
"x110536782","jblr31","Tournefeuille, France",-4,6
"x1296558947952992258","AimarreJan","Trop loin de l'IHU <U+0001F44D> <U+0001F44D> <U+0001F44D> <U+0001F44D>",-5,242
"x1334997756453265411","RobertZulb","Truth",-6,64
"x1069937582505713664","Joli_Emile","Ukraine, ça te va ?",-4,74
"x1069937582505713664","JolieEmile","Ukraine, ça te va ?",-4,74
"x551583346","annette_kiel","Val-d'Oise, Ile-de-France",-5,215
"x850663990871175168","benoit_redis","Vendée",-4,4
"x2424216853","zapp12347","Versailles-France",-5,58423
"x276914775","Vic_Bioinfo","Versailles, France",-6,496
"x823989514431561730","loliviercamas","Vevey, Suisse",-4,271
"x99148310","Brouilleur","Ville de Québec",-4,610
"x868471954860376064","Sakura76655068","Ville de Sakura",-4,248
"x1145995544","pouceopposable","VOUS SUIT.  Planet e@rth",-5,4462
"x950128479672131584","mat4coins","Washington, DC",-4,59
"x918844397541822464","PropheteNo17","West Indies #JistisBaKeziah",-5,947
"x4540485555","loubsm_","Wet Dreamz",-4,317
"x2546344608","SoonPlanet","World",-4,117
"x161777227","criticalWnews","worldwide",-4,296
"x1354150098859646976","masterzemind",,-4,0
"x1357428431181537284","Sarah02218405",,-4,0
"x1360674605564895239","BarberisThierr4",,-4,0
"x1285663442293141511","l2p1c2l0",,-4,0
"x1358369483711279104","lbin54323857",,-4,0
"x1325892055718125568","safa_boukrine",,-4,1
"x1338109923058720768","Rom165737819",,-4,1
"x528361450","simdelab",,-4,1
"x1356197776636444673","ltl_romain",,-4,3
"x1325374848194015233","Richard82018403",,-4,3
"x1355072045550346242","philipp73920768",,-4,3
"x38493714","ITesteur",,-4,4
"x1380616758","marylene66",,-4,5
"x1348310323170865156","rien_toutou",,-4,6
"x1351578688731623431","bouceaup",,-4,7
"x2309079703","venderotteherma",,-4,7
"x1351655257277919232","EEphemene",,-4,7
"x1304498610931933190","lcaztwit",,-6,7
"x1278846118370164745","DomIsa6",,-7,12
"x220678323","LeSh0lVa",,-4,8
"x1268900047447642112","CristescuLilia1",,-4,8
"x1331728034219646981","PascalTouchette",,-4,9
"x1305975142657470469","tabille_roule",,-4,9
"x494462423","BenouSensei",,-4,10
"x1108624455004315648","Vincent65491368",,-4,10
"x1189858393479163904","Stane24887967",,-4,12
"x539430573","commFRA",,-4,13
"x1210221138233774081","bog_fred",,-4,13
"x1296542296800989191","titi25230",,-4,14
"x2699260713","DamienBaisey",,-4,16
"x1175339326655401985","elujhin",,-4,44
"x1343465485950734336","5nine0",,-4,19
"x874946464396570625","Gironimo2474361",,-4,20
"x205435707","stalintrouble",,-4,21
"x1331345623132622849","Yann58388104",,-4,21
"x1340386516661628929","AlgerianTheory",,-4,22
"x1355101000089137156","RoyerGeorges4",,-4,23
"x914765962846654464","GaillardThierr4",,-4,31
"x14151972","GerardManvussa0",,-7,29
"x1332206326307565569","Amlei6",,-4,26
"x1180210966711156736","29quovadis",,-4,30
"x573641510","Ivan_le_T",,-4,32
"x1132287312354791425","JNorbt14",,-4,33
"x2984469990","MartinetMartine",,-4,35
"x1203965161360543744","ChrisWO59905017",,-4,36
"x293388469","Damien_Romeo",,-6,37
"x1321400526777552897","che2346",,-4,38
"x939257175515500544","LeTsunamio",,-4,38
"x1285857077919965188","yoga_swa",,-4,41
"x51211589","KhapTaap",,-4,44
"x165012598","VeroFedex",,-4,45
"x1128036485612154885","PetrementF",,-4,45
"x544439737","DocDoc_j",,-4,47
"x2257895444","MichaelAndell",,-4,49
"x1293524558532808706","jeanpurge",,-4,50
"x1089881372666277890","CLavisson",,-4,51
"x1248027024817639424","JanieSuret",,-6,51
"x1279319486","enzo2110",,-7,53
"x1228265027322425344","RunSylvie",,-4,54
"x1306616818895855616","AnnaeusLucius",,-4,55
"x706449979","Rahele26",,-4,55
"x1540777027","heliades3g",,-4,56
"x955101288","alezan85",,-15,59
"x1238407973870993408","ZeliszewskiD",,-4,59
"x1245914202415366144","MarderNathalie",,-4,60
"x911925655943680000","hostreborn",,-4,62
"x1317511320523186177","galitlibertfra1",,-4,63
"x100727262","philatheos",,-4,63
"x1248722870404026369","LoewensbergA",,-5,69
"x1300748394588184576","MarieAJ7513",,-7,64
"x726449244","gospodi777",,-4,67
"x1226986736","DaCinal",,-4,72
"x436257101","Ptitclemai",,-4,70
"x244149321","DCFreespiritDC",,-7,70
"x1249334877389979649","covidix",,-6,72
"x1229018456802177030","FVissault",,-4,74
"x1213023379","QartonRouge",,-4,77
"x1081835996554108928","DCD22300312",,-4,77
"x1310864111597760513","Vally711",,-6,79
"x1254414272601473024","Astrancia7370",,-5,99
"x1239959148441239554","MahFranois3",,-4,87
"x1261194872125558784","Kira94527507",,-4,89
"x1203213728","de_Bevec",,-4,90
"x844610109112270850","JDeloratas",,-4,90
"x1127165599954755585","FrankyShark",,-4,99
"x1328383046953947140","PilouWap",,-4,104
"x259238701","daryl888",,-4,106
"x1342914766231269378","nath_ming",,-4,134
"x1298184583033257984","marguerite78",,-4,110
"x1301546154090430464","Mocula3",,-4,111
"x531677935","christeldietsch",,-4,121
"x1317829310338768896","Ludy061",,-4,122
"x1219992643","732CM732",,-4,124
"x1584161095","germain_franck",,-4,126
"x1316720210704060417","OttoSam6",,-4,129
"x118764131","robertlanglois9",,-4,131
"x1308770246631751686","JoseChnier1",,-4,134
"x1202316180855369729","BK_krimo",,-4,134
"x936397851164278786","rodut543",,-8,135
"x828561198841024512","kemkem421",,-4,135
"x1245978577746694144","SouryMarc",,-4,141
"x1299750912475439105","pia_mapia",,-4,147
"x1279480591134724096","je_soumis",,-4,148
"x1224731835500023809","AnotherGenro",,-5,156
"x1175863408765390849","LeachatG",,-5,198
"x766403018","guill2001",,-7,168
"x1306925829721649152","factsfictionc19",,-4,168
"x1205083443819876352","MGFGrandest",,-4,197
"x1291682435378417664","JSarroche",,-4,218
"x1283864922896703489","sliman04546556",,-4,220
"x1316899347087450113","DragonflyHelena",,-4,225
"x1236362090689986566","jose_spere",,-4,255
"x230224612","AurMerch",,-4,255
"x956079543902785536","LesNadines",,-4,259
"x311918046","Hemiole_le_Chas",,-4,263
"x976582663728398337","Ceylan55496506",,-4,268
"x1218560108365516800","bettynutely",,-6,290
"x1000758710","Its_worse",,-4,272
"x824883990171574274","FredLamboray",,-5,363
"x1334587489248534528","francoi37479658",,-6,286
"x2627734195","Laysedd",,-5,291
"x2270697952","JolivetRaphael",,-4,319
"x889713835858382849","Legerannemarie1",,-4,330
"x859822037606576129","pa_solard",,-4,363
"x1259755197640970240","feecloc90367787",,-4,370
"x1239259482498236417","ChristopheBene6",,-5,375
"x702991804661112832","arikouts",,-7,632
"x129774250","randline",,-4,405
"x1314267809707438080","SylvianeT1",,-5,418
"x252258576","oldnick53",,-4,421
"x628563779","jczerat",,-4,433
"x2561867551","charivarii1",,-5,434
"x1244715362614218752","bezombes_jm",,-5,487
"x224605657","calocalofr",,-4,445
"x801196664","StacyJamiX",,-4,455
"x1061335396389474305","Pepito78528619",,-4,461
"x813136916916957185","eustache_luigy",,-5,476
"x1315060569314070528","BaufMalou",,-4,510
"x1353257159916728320","cha_vasco",,-11,1366
"x1006442550","ritarapidissima",,-4,577
"x234297207","fxjtarga",,-4,580
"x560364126","giberpa",,-4,616
"x1237488576318840834","Sibir05132651",,-4,672
"x146009753","rgerland",,-6,682
"x472249581","cfmreggae",,-4,687
"x1071730711143612416","lcqbs_",,-4,705
"x1327444588555071488","deyyanno",,-4,726
"x1017088840526376961","LSpontex",,-4,760
"x551663426","bobedit1",,-4,768
"x1725304268","apallix1",,-4,777
"x1066625690462756864","AMARIEBL",,-4,817
"x992842476","Polardov",,-4,826
"x970310372","Patricktaudiere",,-4,860
"x92957348","petittoctoc",,-9,874
"x845042470530535425","Jackquebec",,-4,930
"x1255908980523745281","rifain_nouvelle",,-4,1513
"x1322437080740438017","Lightwins21",,-7,936
"x736118710507872256","PiclieSoph",,-4,1011
"x4453685205","GGuegan1Auteur",,-4,1028
"x1239237935230332928","C_A_Gustave",,-5,1241
"x840190609","DP_2020_",,-4,1097
"x76662593","RozennLeSaint",,-4,1118
"x245420896","jeredejere",,-4,1198
"x493510155","ArmandChalon",,-4,1268
"x1333318970217172993","dreslincourt",,-4,1376
"x1876619996","serggi3",,-4,1402
"x1037674513020923904","RRetraite",,-4,1469
"x1079707131102851072","Libre_Insolent",,-4,1474
"x2896246908","ed_soignant",,-4,1674
"x1344042734387154945","lephenix555",,-4,1992
"x1640054216","Revolte_Fiscale",,-4,2169
"x274144542","aremsbee",,-4,2353
"x2841203045","UpbmAsso",,-4,2487
"x1250668337085939712","biomoon_",,-4,2490
"x786625296","titrespresse",,-4,2611
"x154138815","janfygautier",,-4,3120
"x841979802357764097","papanours60",,-7,3972
"x1158793252843261952","Toutunmatin",,-4,3685
"x945878124","alanloff",,-4,4428
"x1323747268013527041","NicolasPichot6",,-4,4551
"x860632369564438528","fignon_laurent",,-5,4648
"x113937776","infirmierSNPI",,-4,5168
"x454276263","Moutonenrages",,-4,5709
"x1336381549374267393","ScienceUpFirst",,-4,12976
"x1225498576677220352","NaphtalineLeBon",,-4,15682
"x2316096655","CH_Gallois",,-4,15814
"x454993110","XFenaux",,-4,22124
"x4339979902","HugoDecrypte",,-4,22677
"x340517586","MGrossiord",,-4,280967
"x1353323266497245186","CertesMais",,-5,0
"x1354178182996500480","VueDuQuebec",,-5,0
"x1325797574805250049","punishe34048119",,-5,0
"x721313010279673856","ThoracRP",,-5,3
"x2393338558","Darkseb92",,-5,3
"x1359227474857648129","Ryry29639324",,-5,3
"x823289840787718144","levoyeur6",,-5,4
"x878615160763674624","manfr27",,-5,5
"x1244311622652395522","LIONSPhilip",,-5,6
"x1341780995599687680","Ptipti07113748",,-5,6
"x613634576","anounaky",,-5,8
"x1322577261485297665","TheMindForge1",,-5,12
"x1352061438781779970","nebelwelkins",,-5,14
"x893815354161541121","dikeun77",,-5,14
"x1359472297837555715","JulesCsar551",,-5,14
"x1305610379922415619","Eponine7511",,-5,15
"x1323989582040518656","thierry99879959",,-5,15
"x1172788116555481088","DBelmomdo",,-5,16
"x834293049882710016","Ookaze0",,-5,18
"x3323212702","raymondfranco15",,-5,19
"x1266178937249562625","Stephan80074969",,-5,19
"x1343974173761298434","cognitivelyhere",,-5,20
"x1242931979634593795","ANALYSE30888310",,-5,26
"x2541894360","antoinemalliara",,-5,26
"x1327598195514413057","MathieuLegris1",,-5,27
"x1248296554492047360","PerezArturo3",,-5,32
"x1214629965574103042","Poppy34145825",,-5,34
"x1348293422566821891","Dan50271803",,-5,38
"x835968574967713792","haruallaeyes",,-5,40
"x1326181186109136898","MichelL87691288",,-5,42
"x172307434","therealjobin",,-5,48
"x1339689862451097602","stevenQuint1",,-5,61
"x826016033362305024","At_Dely",,-5,61
"x1320333464537878530","TiensTiens8",,-5,64
"x2293382457","MatthieuCastro1",,-5,69
"x1155304050532990976","ANNAMAY72542976",,-5,73
"x633543334","Boucher30032337",,-6,83
"x4526573206","SalvosFR",,-5,83
"x1223235069575385089","euannettes",,-5,88
"x841245912","christophewyns",,-5,91
"x1233110313421156352","tortu05079620",,-5,92
"x1241531352161431553","ParkerW04629239",,-5,102
"x1277791264092704772","JohneeeeJohn",,-5,107
"x1077339078843121664","GoncalvesValen3",,-5,107
"x1158071936955682817","seneque541",,-5,110
"x1352934812848435200","LinettePaquet",,-5,111
"x1315093688389971968","marymaribelle",,-5,111
"x1329886815545925633","klorokine",,-9,114
"x1917622171","MikaelAK44",,-5,116
"x1245483551749005312","FR24NewsFrance",,-5,117
"x2971706583","NoelleMuny",,-5,123
"x4149561564","thedreamfor",,-6,142
"x1348837604133888003","AntiNOM11",,-5,146
"x49051410","Frederic_GFred",,-5,158
"x85277406","laguiloute",,-6,177
"x215712018","Fontanieu",,-5,167
"x2494955275","Kirishishishi",,-5,178
"x896810750622224386","NowPlan_B",,-5,185
"x954513481","stiflerdu69",,-5,187
"x899626423","veromat52",,-5,188
"x1153285236404432898","quidam_un",,-5,207
"x2176488392","NnEuI",,-5,213
"x1316815159231426561","Vindict45140558",,-5,213
"x768211820","miminne53",,-5,214
"x1265426591326384130","super_narko",,-5,236
"x1294317750270263297","DavidGr09263281",,-5,238
"x1100521572547395584","Olga04112912",,-5,247
"x965324187522031617","AlexaMars13",,-6,257
"x1268219277674516489","Nova45197318",,-5,278
"x1314523876148293634","Taousertova93",,-5,301
"x1218809808918401025","BRGMalachie",,-5,303
"x2829889597","joycaseneuve",,-5,304
"x3121570145","MPaulhiacPison",,-5,306
"x553810392","FrederiqueBrule",,-6,306
"x1340959123723198465","MarchalJoukov1",,-5,358
"x1212833888407437312","Taratat25834509",,-5,361
"x1244313878529441793","madcom29322160",,-5,412
"x800659374351912960","Asmara_the_cat",,-5,432
"x1110868374899306496","andriani_sam",,-7,434
"x1076554829273673728","amedduri",,-5,440
"x4446777862","InfosMxit",,-5,486
"x1179338109609299972","Owsool",,-5,559
"x299938723","pascaldecahors",,-5,566
"x470928790","axnslash",,-5,618
"x936724598342680578","Laurence2929B",,-5,654
"x964663966302720000","111Fred111",,-5,762
"x1263376362372501510","IOANIDIS1",,-11,790
"x591258570","carrieresylvie",,-5,819
"x788695322268692481","aspiculteur",,-5,922
"x1318195794873339905","HerbelPhilippe",,-5,930
"x919153760433246208","jeanefbey2",,-5,999
"x2504912381","AllSteeve",,-5,1078
"x1240661349040107521","PutainBlague",,-5,1348
"x1136409544060526593","FREDERIQUERINC1",,-5,2575
"x584940176","Co_Achx",,-5,2805
"x1324009611557543938","JaxTellee",,-5,3271
"x1389044180","justelebonsens",,-5,3343
"x2959015403","IRFMx",,-5,3692
"x304073374","mmia2",,-5,3940
"x870698591450353664","DianeDelavallee",,-5,3978
"x427607370","JeanYvesCAPO",,-5,4931
"x227407630","BraudFlo",,-5,5983
"x412246902","worldfflyer",,-5,7620
"x2983945431","L_oranaise_",,-5,10590
"x2832878397","WeillClaude",,-5,17861
"x33962372","ChLECHEVALIER",,-5,24874
"x1250012886010933248","OliSou1",,-6,0
"x1354885355409993743","Domingu62548452",,-6,0
"x1172503661915910145","PVeritix",,-6,1
"x858966321249361920","mpkbs_en",,-6,3
"x1590553004","mangeeeeer",,-6,4
"x1349777274606936065","marcdur24067829",,-6,6
"x1356637978114871296","EContradiction",,-6,7
"x1068211629693771776","DanielFfry",,-6,9
"x1283106536697495553","lovesoul_heart",,-6,9
"x805299134899060736","kerkyra81",,-6,10
"x910692386","averdite78",,-6,10
"x1260132518533218304","MElectro84",,-6,13
"x1297474212160995329","MrBearmanu",,-6,13
"x1358439674696650760","InfSanToTravail",,-6,15
"x1217024872666345472","Xdavid33X",,-6,15
"x1142938249738018816","MeteloYuval",,-6,17
"x1213436815664766976","GueriniNorbert",,-6,18
"x1316813427608825858","FrancoisSallat",,-6,20
"x1176700094961332225","la__mante",,-6,22
"x1434024224","mface83",,-6,23
"x47976403","freelife34",,-6,27
"x1167932889947889664","frenchretard",,-6,29
"x498632548","audreyriva",,-6,32
"x630227551","YanConstantin",,-6,33
"x1281862703305428993","ValentinRudy3",,-6,34
"x1262649592157528064","TristanZucchel1",,-7,39
"x866335201743523840","fabienne_yvon",,-6,44
"x434354062","olmary83",,-6,47
"x1316735204229369869","Emmanue16324850",,-6,67
"x973993544","AndoungJr",,-6,67
"x627726748","RogerMockin",,-6,68
"x1334148075552727040","TempsModerne",,-6,68
"x1115219804019920902","Captn_Crochet",,-6,70
"x1228239973972729858","QueInsu",,-6,75
"x704057490426748928","__ronan____",,-6,90
"x1342550016649523202","EtreHumain16",,-6,92
"x974550103","DLangelot",,-6,101
"x1322845764","JulesFert",,-6,121
"x1313128916509483008","ventura1711",,-6,125
"x1242864071210422272","AlainPorti",,-6,125
"x1078365114376564737","Titi5012",,-6,132
"x1263152479610580994","GRUMIER1",,-6,172
"x1310326452315918337","HigueroLucien",,-6,176
"x857210712376127488","pschaere",,-6,177
"x1270502654","boujemaa_b",,-6,194
"x1622868840","BourjalaCathy",,-6,196
"x1958978647","JansonLaure1",,-6,202
"x1097197119478345730","Ganmor4",,-6,204
"x1325912907113226241","Cerval061",,-6,205
"x1060923263193374721","KalindaSharma33",,-6,206
"x17695479","ManuRedGlasses",,-6,228
"x4919454699","prince_subotai",,-6,246
"x1112425718837903360","GTroikar",,-6,265
"x563186066","matherbo",,-6,341
"x1339452343750971392","Titithebest4",,-6,505
"x66105838","BarrakiAxonn",,-6,600
"x1516737564","Crevekino",,-6,663
"x1258831196479504384","JulienFort4",,-6,686
"x1246456705774469120","CoroInfos",,-6,714
"x1152731411146838017","FabiolaNgongo",,-6,954
"x1410527701","saraart4",,-10,1038
"x1006183476146724864","Chanchan5021",,-6,1006
"x1011682270921547777","lyhzer",,-6,1095
"x1350572373389541382","Guy_Fawkes76",,-6,1127
"x18982331","jeanrossignol",,-6,1303
"x1240624692257607680","JournalistesSol",,-11,1306
"x1249598490478592000","BrunelAlain6",,-6,1577
"x577267051","annechampdos",,-6,1771
"x950553349","FrancoisArielle",,-6,5429
"x1882871270","MarcMillerVM",,-6,14669
"x934303386","science_et_vie",,-6,69587
"x1049600795149303809","gub85582714",,-7,0
"x1318981004627947523","Mariann61999248",,-7,1
"x2728365719","emmanuellether2",,-7,1
"x848449932612775936","engeldeath54",,-7,3
"x805185987785687044","CC051132",,-7,3
"x700409218566852608","Aesdotjs",,-7,15
"x1232461207216513026","moi_jos",,-7,16
"x2717056931","nlcrvz191",,-7,22
"x1341122945377308674","JacquesADI10",,-7,22
"x1215004401355677697","avice_gerard",,-7,29
"x989105938786332675","GalleryOriginal",,-7,33
"x838448682764746753","pot_au_lait",,-7,33
"x455062275","AlainSchollaert",,-7,39
"x1289829148823822336","stme17602766",,-7,39
"x2757052737","bestiauuuuu",,-7,52
"x1311718221406441475","DarianaKendrick",,-7,56
"x1274484874670456832","azrigolo",,-7,64
"x1293573645147738112","PaulBrigitte6",,-9,64
"x1053742386982084608","SoWhatThenNow",,-7,65
"x1106591922985013248","MarcVlb",,-7,67
"x4228348829","Jonat2Luciano",,-7,101
"x948506472799002625","cclehibou",,-7,250
"x547998994","LiliQUEST1",,-7,300
"x2377099376","PierrotLL",,-7,320
"x3226305131","AlainPatrickM",,-8,926
"x1336976390642659328","Goldora65442583",,-7,1288
"x1264774147","AminejendNBA",,-7,1651
"x602040186","Alqalamouni",,-7,5188
"x996488778733801472","GradiscaRene",,-8,5
"x1344337949094268929","ManuMacaron3",,-8,10
"x1323676034282246145","IsallGod",,-8,30
"x1263269054258851840","kolo06019979",,-12,45
"x1043762509705039872","LMoutons",,-8,181
"x1680776977","amlotfireal",,-8,630
"x843950020844048384","MagChange_73",,-8,1230
"x1114502883398049799","Clyde_Barrow2",,-8,1629
"x1281278365341757445","ComploTisss",,-8,1979
"x1250668337085939712","moon_bio",,-8,2299
"x736414651664224256","aragon_jb",,-8,9749
"x1342894836484091904","t_wiggi",,-9,1
"x1256373103938191367","SwitchHerve",,-9,47
"x1224038534258003969","gulftrotter1",,-9,57
"x790107346781532160","Zeill_FR",,-9,205
"x1274020014706827264","Citoyen91157037",,-9,696
"x3047988436","GalloAlain",,-10,11
"x962262683784548352","Joliot576",,-10,79
"x1239895392818429957","BelliotX",,-11,7
"x1346167256955428864","DariusBrando",,-11,13
"x1313962051967102977","Valight1",,-11,60
"x175179106","jwajsberg",,-13,1755
